<?xml version="1.0"?>
<presentation guid="D5C0BBA1-F7E3-4A5B-9D78-4F796DFF366A" version="0" availableOffline="1">
	<info>
		<title>Bai 11-kieu mang 1 chieu</title>
		<description/>
	</info>
	<files index="id31" thumbnail="id301" totalSize="29183608">
		<file id="id28">lms.js</file>
		<file id="id29">data/goodbye.html</file>
		<file id="id31">index.html</file>
		<file id="id32">attachments/logo.jpg</file>
		<file id="id33">attachments/chan dung.jpg</file>
		<file id="id34">data/thmb1.png</file>
		<file id="id35">data/slide1.js</file>
		<file id="id36">data/slide1.css</file>
		<file id="id37">data/thmb2.png</file>
		<file id="id38">data/video1.mp4</file>
		<file id="id39">data/slide2.js</file>
		<file id="id40">data/slide2.css</file>
		<file id="id41">data/thmb3.png</file>
		<file id="id42">data/slide3.js</file>
		<file id="id43">data/slide3.css</file>
		<file id="id44">data/thmb4.png</file>
		<file id="id45">data/slide4.js</file>
		<file id="id46">data/slide4.css</file>
		<file id="id47">data/thmb5.png</file>
		<file id="id48">data/slide5.js</file>
		<file id="id49">data/slide5.css</file>
		<file id="id50">data/thmb6.png</file>
		<file id="id51">data/slide6.js</file>
		<file id="id52">data/slide6.css</file>
		<file id="id53">data/thmb7.png</file>
		<file id="id54">data/slide7.js</file>
		<file id="id55">data/slide7.css</file>
		<file id="id56">data/thmb8.png</file>
		<file id="id57">data/slide8.js</file>
		<file id="id58">data/slide8.css</file>
		<file id="id59">data/thmb9.png</file>
		<file id="id60">data/slide9.js</file>
		<file id="id61">data/slide9.css</file>
		<file id="id62">data/thmb10.png</file>
		<file id="id63">data/slide10.js</file>
		<file id="id64">data/slide10.css</file>
		<file id="id65">data/thmb11.png</file>
		<file id="id66">data/slide11.js</file>
		<file id="id67">data/slide11.css</file>
		<file id="id68">data/thmb12.png</file>
		<file id="id69">data/slide12.js</file>
		<file id="id70">data/slide12.css</file>
		<file id="id71">data/thmb13.png</file>
		<file id="id72">data/slide13.js</file>
		<file id="id73">data/slide13.css</file>
		<file id="id74">data/thmb14.png</file>
		<file id="id75">data/slide14.js</file>
		<file id="id76">data/slide14.css</file>
		<file id="id77">data/thmb15.png</file>
		<file id="id78">data/slide15.js</file>
		<file id="id79">data/slide15.css</file>
		<file id="id80">data/thmb16.png</file>
		<file id="id81">data/slide16.js</file>
		<file id="id82">data/slide16.css</file>
		<file id="id83">data/thmb17.png</file>
		<file id="id84">data/slide17.js</file>
		<file id="id85">data/slide17.css</file>
		<file id="id86">data/thmb18.png</file>
		<file id="id87">data/slide18.js</file>
		<file id="id88">data/slide18.css</file>
		<file id="id89">data/thmb19.png</file>
		<file id="id90">data/quiz1.js</file>
		<file id="id91">data/quiz1/fonts/fnt0.woff</file>
		<file id="id92">data/quiz1/fonts/fnt1.woff</file>
		<file id="id93">data/quiz1/fonts/fnt2.woff</file>
		<file id="id94">data/quiz1/fonts/fnt3.woff</file>
		<file id="id95">data/quiz1/images/img-31e7b727d6e29bb700b4097182c4dc71ecec2dfe.jpg</file>
		<file id="id96">data/quiz1/images/img-91d308593b93beac3fa544e8638cdd34c0777f98.jpg</file>
		<file id="id97">data/quiz1/images/img-e29598da7d391e3ec5d547aabaac3b5c9d0fb395.jpg</file>
		<file id="id98">data/quiz1/images/quiz_bg_0.png</file>
		<file id="id99">data/thmb20.png</file>
		<file id="id100">data/slide20.js</file>
		<file id="id101">data/slide20.css</file>
		<file id="id102">data/thmb21.png</file>
		<file id="id103">data/slide21.js</file>
		<file id="id104">data/slide21.css</file>
		<file id="id105">data/thmb22.png</file>
		<file id="id106">data/video2.mp4</file>
		<file id="id107">data/slide22.js</file>
		<file id="id108">data/slide22.css</file>
		<file id="id109">data/thmb23.png</file>
		<file id="id110">data/video3.mp4</file>
		<file id="id111">data/slide23.js</file>
		<file id="id112">data/slide23.css</file>
		<file id="id113">data/thmb24.png</file>
		<file id="id114">data/slide24.js</file>
		<file id="id115">data/slide24.css</file>
		<file id="id116">data/thmb25.png</file>
		<file id="id117">data/slide25.js</file>
		<file id="id118">data/slide25.css</file>
		<file id="id119">data/thmb26.png</file>
		<file id="id120">data/slide26.js</file>
		<file id="id121">data/slide26.css</file>
		<file id="id122">data/thmb27.png</file>
		<file id="id123">data/quiz2.js</file>
		<file id="id124">data/quiz2/fonts/fnt0.woff</file>
		<file id="id125">data/quiz2/fonts/fnt1.woff</file>
		<file id="id126">data/quiz2/fonts/fnt2.woff</file>
		<file id="id127">data/quiz2/fonts/fnt3.woff</file>
		<file id="id128">data/quiz2/fonts/fnt4.woff</file>
		<file id="id129">data/quiz2/images/img-275dac70420d951fadb0cf500c3835a98f4a7942.jpg</file>
		<file id="id130">data/quiz2/images/img-708cc1620ed547666149a898282a8c203c102e46.jpg</file>
		<file id="id131">data/quiz2/images/img-ca14396987dc1aae1214d8f0edf9d95a20c1da68.jpg</file>
		<file id="id132">data/quiz2/images/quiz_bg_1.png</file>
		<file id="id133">data/thmb28.png</file>
		<file id="id134">data/slide28.js</file>
		<file id="id135">data/slide28.css</file>
		<file id="id136">data/thmb29.png</file>
		<file id="id137">data/slide29.js</file>
		<file id="id138">data/slide29.css</file>
		<file id="id139">data/thmb30.png</file>
		<file id="id140">data/slide30.js</file>
		<file id="id141">data/slide30.css</file>
		<file id="id142">data/thmb31.png</file>
		<file id="id143">data/video4.mp4</file>
		<file id="id144">data/slide31.js</file>
		<file id="id145">data/slide31.css</file>
		<file id="id146">data/thmb32.png</file>
		<file id="id147">data/slide32.js</file>
		<file id="id148">data/slide32.css</file>
		<file id="id149">data/thmb33.png</file>
		<file id="id150">data/slide33.js</file>
		<file id="id151">data/slide33.css</file>
		<file id="id152">data/thmb34.png</file>
		<file id="id153">data/slide34.js</file>
		<file id="id154">data/slide34.css</file>
		<file id="id155">data/sound1.mp3</file>
		<file id="id156">data/sound2.mp3</file>
		<file id="id157">data/sound3.mp3</file>
		<file id="id158">data/sound4.mp3</file>
		<file id="id159">data/sound5.mp3</file>
		<file id="id160">data/sound6.mp3</file>
		<file id="id161">data/sound7.mp3</file>
		<file id="id162">data/sound8.mp3</file>
		<file id="id163">data/sound9.mp3</file>
		<file id="id164">data/sound10.mp3</file>
		<file id="id165">data/sound11.mp3</file>
		<file id="id166">data/sound12.mp3</file>
		<file id="id167">data/sound13.mp3</file>
		<file id="id168">data/sound14.mp3</file>
		<file id="id169">data/sound15.mp3</file>
		<file id="id170">data/sound16.mp3</file>
		<file id="id171">data/sound17.mp3</file>
		<file id="id172">data/sound18.mp3</file>
		<file id="id173">data/sound19.mp3</file>
		<file id="id174">data/sound20.mp3</file>
		<file id="id175">data/sound21.mp3</file>
		<file id="id176">data/sound22.mp3</file>
		<file id="id177">data/sound23.mp3</file>
		<file id="id178">data/sound24.mp3</file>
		<file id="id179">data/sound25.mp3</file>
		<file id="id180">data/quizplayer.js</file>
		<file id="id181">data/player.js</file>
		<file id="id186">data/browsersupport.js</file>
		<file id="id187">data/apple-touch-icon.png</file>
		<file id="id188">data/favicon.ico</file>
		<file id="id189">data/fnt0.woff</file>
		<file id="id190">data/fnt1.woff</file>
		<file id="id191">data/fnt10.woff</file>
		<file id="id192">data/fnt11.woff</file>
		<file id="id193">data/fnt12.woff</file>
		<file id="id194">data/fnt13.woff</file>
		<file id="id195">data/fnt14.woff</file>
		<file id="id196">data/fnt15.woff</file>
		<file id="id197">data/fnt16.woff</file>
		<file id="id198">data/fnt2.woff</file>
		<file id="id199">data/fnt3.woff</file>
		<file id="id200">data/fnt4.woff</file>
		<file id="id201">data/fnt5.woff</file>
		<file id="id202">data/fnt6.woff</file>
		<file id="id203">data/fnt7.woff</file>
		<file id="id204">data/fnt8.woff</file>
		<file id="id205">data/fnt9.woff</file>
		<file id="id206">data/html5-unsupported.html</file>
		<file id="id207">data/html5.png</file>
		<file id="id208">data/img0.png</file>
		<file id="id209">data/img1.png</file>
		<file id="id210">data/img10.jpg</file>
		<file id="id211">data/img11.png</file>
		<file id="id212">data/img12.png</file>
		<file id="id213">data/img13.png</file>
		<file id="id214">data/img14.png</file>
		<file id="id215">data/img15.png</file>
		<file id="id216">data/img16.png</file>
		<file id="id217">data/img17.png</file>
		<file id="id218">data/img18.png</file>
		<file id="id219">data/img19.png</file>
		<file id="id220">data/img2.png</file>
		<file id="id221">data/img20.png</file>
		<file id="id222">data/img21.png</file>
		<file id="id223">data/img22.png</file>
		<file id="id224">data/img23.png</file>
		<file id="id225">data/img24.png</file>
		<file id="id226">data/img25.png</file>
		<file id="id227">data/img26.png</file>
		<file id="id228">data/img27.png</file>
		<file id="id229">data/img28.png</file>
		<file id="id230">data/img29.png</file>
		<file id="id231">data/img3.png</file>
		<file id="id232">data/img30.png</file>
		<file id="id233">data/img31.png</file>
		<file id="id234">data/img32.png</file>
		<file id="id235">data/img33.jpg</file>
		<file id="id236">data/img34.jpg</file>
		<file id="id237">data/img35.jpg</file>
		<file id="id238">data/img36.png</file>
		<file id="id239">data/img37.png</file>
		<file id="id240">data/img38.jpg</file>
		<file id="id241">data/img39.png</file>
		<file id="id242">data/img4.png</file>
		<file id="id243">data/img40.png</file>
		<file id="id244">data/img41.png</file>
		<file id="id245">data/img42.png</file>
		<file id="id246">data/img43.png</file>
		<file id="id247">data/img44.png</file>
		<file id="id248">data/img45.png</file>
		<file id="id249">data/img46.png</file>
		<file id="id250">data/img47.png</file>
		<file id="id251">data/img48.png</file>
		<file id="id252">data/img49.jpg</file>
		<file id="id253">data/img5.png</file>
		<file id="id254">data/img50.png</file>
		<file id="id255">data/img51.png</file>
		<file id="id256">data/img52.png</file>
		<file id="id257">data/img53.png</file>
		<file id="id258">data/img54.png</file>
		<file id="id259">data/img55.png</file>
		<file id="id260">data/img56.png</file>
		<file id="id261">data/img57.png</file>
		<file id="id262">data/img58.png</file>
		<file id="id263">data/img59.png</file>
		<file id="id264">data/img6.png</file>
		<file id="id265">data/img60.png</file>
		<file id="id266">data/img61.png</file>
		<file id="id267">data/img62.png</file>
		<file id="id268">data/img63.png</file>
		<file id="id269">data/img64.png</file>
		<file id="id270">data/img65.png</file>
		<file id="id271">data/img66.png</file>
		<file id="id272">data/img67.png</file>
		<file id="id273">data/img68.png</file>
		<file id="id274">data/img69.png</file>
		<file id="id275">data/img7.png</file>
		<file id="id276">data/img70.png</file>
		<file id="id277">data/img71.png</file>
		<file id="id278">data/img72.png</file>
		<file id="id279">data/img73.png</file>
		<file id="id280">data/img74.png</file>
		<file id="id281">data/img75.png</file>
		<file id="id282">data/img76.png</file>
		<file id="id283">data/img77.png</file>
		<file id="id284">data/img78.png</file>
		<file id="id285">data/img79.png</file>
		<file id="id286">data/img8.png</file>
		<file id="id287">data/img80.png</file>
		<file id="id288">data/img81.jpg</file>
		<file id="id289">data/img82.jpg</file>
		<file id="id290">data/img83.png</file>
		<file id="id291">data/img84.png</file>
		<file id="id292">data/img85.png</file>
		<file id="id293">data/img86.png</file>
		<file id="id294">data/img87.jpg</file>
		<file id="id295">data/img88.png</file>
		<file id="id296">data/img89.png</file>
		<file id="id297">data/img9.jpg</file>
		<file id="id298">data/logo.png</file>
		<file id="id299">data/logo1.png</file>
		<file id="id300">data/photo1.png</file>
		<file id="id301">data/ismplayer/preview.png</file>
		<file id="id302">data/ismplayer/play.svg</file>
		<file id="id303">data/ismplayer/style.css</file>
		<file id="id304">data/ismplayer/style_mini.css</file>
		<file id="id305">ismplayer.html</file>
		<file id="id306">data/ismplayer/app_store2x.png</file>
		<file id="id307">metainfo.xml</file>
	</files>
</presentation>
